<odoo>
    <data>
        <record id="email_template_con" model="mail.template">
            <field name="name">template participant</field>
            <field name="model_id" ref="project_gip.model_res_partner"/>
            <field name="email_to">${object.name} invitation</field>
            <field name="auto_delete" eval="True"/>
            <field name="subject" >Payment</field>
            <field name="body_html" type='html'>
                <p>
                    <strong>Dear ${object.name} </strong>
                </p>
                <p>we invite you to be present in the week's assembly.</p>
                <p>best regards,</p>


            </field>
        </record>


    </data>
<!--     <data>-->
<!--  <record id="email_template_con" model="mail.template">-->
<!--  <field name="name">template email</field>-->
<!--    <field name="model_id" ref="project_gip.model_res_partner"/>-->
<!--      <field name="email_to"> ${ctx['email_to']|safe}></field>-->
<!--      <field name="subject">${object.email} invitation</field>-->
<!--        <field name="body_html"><![CDATA[-->
<!--        <P>-->
<!--        <strong>Dear ${object.name} </strong>-->
<!--        </P>-->
<!--        <p> we invite you to be present in the week's assembly.</p>-->
<!--        <p> best regards,</p>-->
<!--          ]]>-->


<!--        </field>-->
<!--        </record>-->
<!--        </data>-->
</odoo>